trials,all,accuracy,RT
1,14,0.14285714285714285,1.1863177360064583,1.1451392189919716,1.0193757270026254,1.571917585999472,1.0067338930093683,4.753596915004891,4.3170613889960805,3.4719444639922585,6.433125504001509,3.0023187319893623,2.815503208010341,1.2340065780008445,2.9971679790032795,2.1173975550045725
2,17,0.11764705882352941,3.303507303004153,2.605688347000978,3.7859349549980834,3.2912271079985658,0.9219713080092333,1.053591496005538,0.6901354910078226,2.2042877040075837,2.198523244005628,2.0478023570030928,1.863611733992002,1.1492854340031045,0.7898111990070902,0.7428027980058687,1.2949652910028817,1.4115627700084588,1.4954855359974317
