trials,all,accuracy,RT
1,13,0.07692307692307693,0.587023063631932,0.13929382256537792,0.09123523785638099,0.06090482551007881,0.03129109374094696,0.05123251056102163,0.05467993183447106,0.07418237701131147,0.04374892507439654,0.06349268974372535,0.0659070337733283,0.06852822308064788,0.08721975816843042
2,15,0.06666666666666667,0.03997323268959008,0.05998053356051969,0.06252511350612622,0.04942299744107004,0.06843207833117049,0.07115707332195598,0.07388858011108823,0.0924621367794316,0.07788146003622387,0.0646303387638909,0.08329199619947758,0.06941765776718967,0.04005597079958534,0.04314715853979578,0.06260325505536457
