trials,all,accuracy,RT
1,23,0.0,1.0080765543389134,0.16752386291045696,0.21319192240480334,0.14588743075728416,0.1292601095046848,0.19334202335448936,0.1425330847268924,0.11053139012074098,0.1114472565241158,0.11190423200605437,0.12862961349310353,0.09666545753134415,0.129863026086241,0.09766980778658763,0.11531641817418858,0.13184529630234465,0.1318836011341773,0.11582816956797615,0.11648854322265834,0.0852843532920815,0.48724777763709426,0.36127574701095,0.33597508358070627
2,7,0.2857142857142857,3.5981767710181884,0.48365670832572505,0.06973492738325149,0.1850099764415063,6.774455182137899,8.398137929965742,10.13637636398198
