trials,all,accuracy,RT
1,21,0.9047619047619048,1.5865568956660354,1.2245485506082332,2.1245894217026944,2.6044808049500716,2.5050656025123317,2.633790014506303,1.0617747248097658,2.8641647070626277,2.8667962386334693,3.013346116881621,1.6660490675294568,1.2051253961180919,2.1223574079531318,1.627011235145801,5.982647596553761,3.8444584809822118,7.039828440995734,1.8989445911302028,3.6842430248134406,1.766213509525187,1.0288323162803863
2,27,0.9259259259259259,2.2714759980954113,1.0503154965026624,1.7177841355041892,4.022005656069268,1.210141011021733,1.7106380142549824,1.4712096273451607,1.17719055850921,1.055781191405913,1.0030364120466402,1.0643442027967467,1.5230197724931713,1.0518158908498663,2.7588923358844113,1.757023067461887,1.1798075343003802,1.0256097434848925,5.005528131532628,7.898225995318171,1.5073198329755542,1.2280273817177658,1.7759440475874726,2.6700679946388846,2.264502630957395,0.9311860240004535,1.266993201301375,0.8858083838986204
