trials,all,accuracy,RT
1,20,0.15,2.36847052606754,10.022330896928906,1.2737578442320228,1.0501945305150002,0.34005568735301495,0.058508957270532846,1.2127046859823167,0.6712955390103161,0.6160677657462656,0.9464886621572077,0.7047374919056892,0.5685128145851195,1.653779547661543,0.4237174519803375,0.7143638560082763,0.6589652434922755,0.5735567826777697,0.9702460274565965,1.4795408640056849,1.2961753101553768
2,4,0.0,17.381365433800966,0.19304133113473654,0.5250733247958124,0.47636348591186106
