trials,all,accuracy,RT
1,30,0.03333333333333333,1.0369843184471392,0.07040515243988921,0.07349595713276358,0.0430322444972262,0.04652869575966179,0.03380426384774182,0.021765868767943175,0.07426971168479213,0.3004128861548452,0.35784883976975834,0.7491453268094119,0.004511525304224051,0.1380734354361266,0.12179662742619257,0.05760640944572515,0.04443151448685967,0.0796266212937553,0.44974674860259256,0.036900814242471824,0.040910931274993345,0.07621865384317061,0.06287636742854374,0.20961623689527187,0.17416640396095318,0.1089515357689379,0.07828634051202243,0.06414386931646732,0.06682289869058877,0.21354974456608034,0.09827487209167884
2,0,0
